t_unix,sim_time_s,real_time_s,rtf,iterations,paused
1777902174,7.577000,12.704740,0.0042494338999770715,7577,
1777902174,7.579000,12.905529,0.009840877149658426,7579,
1777902175,7.580000,13.008964,0.009667938506535724,7580,
1777902175,7.582000,13.188083,0.011026234344483863,7582,
1777902175,7.584000,13.359459,0.011742602436416215,7584,
1777902175,7.586000,13.533108,0.011724297058045587,7586,
1777902175,7.588000,13.704240,0.011890901077738953,7588,
1777902175,7.590000,13.878355,0.011627460941934332,7590,
1777902176,7.592000,14.061073,0.010609431865560166,7592,
1777902176,7.594000,14.237152,0.011476890053849338,7594,
1777902176,7.596000,14.409317,0.01137997995462051,7596,
1777902176,7.598000,14.577275,0.01203362700798365,7598,
1777902176,7.600000,14.752470,0.0112618440109598,7600,
1777902176,7.602000,14.931447,0.010966732614016568,7602,
1777902177,7.604000,15.104409,0.011792334489662139,7604,
1777902177,7.606000,15.274336,0.011776102101254647,7606,
1777902177,7.608000,15.445956,0.011491747936691133,7608,
1777902177,7.610000,15.611816,0.012084135065344356,7610,
1777902177,7.612000,15.782375,0.011540223286702676,7612,
1777902177,7.614000,15.953751,0.011625103164071754,7614,
1777902178,7.616000,16.129638,0.011694888225170197,7616,
1777902178,7.618000,16.299789,0.011825320387839762,7618,
1777902178,7.620000,16.469102,0.011777333261962694,7620,
1777902178,7.622000,16.641684,0.011454534866389953,7622,
1777902178,7.624000,16.821184,0.010669943790522713,7624,
1777902179,7.626000,17.002584,0.010323294510967009,7626,
1777902179,7.628000,17.172120,0.011833429428669247,7628,
1777902179,7.630000,17.340803,0.011810709010798556,7630,
1777902179,7.632000,17.512213,0.011782706669882717,7632,
1777902179,7.634000,17.681649,0.011939231603470801,7634,
1777902179,7.636000,17.852502,0.011976561246858712,7636,
1777902180,7.638000,18.025489,0.011520412552424933,7638,
1777902180,7.640000,18.195907,0.01154923546486562,7640,
1777902180,7.642000,18.367401,0.011308902688238127,7642,
1777902180,7.644000,18.538392,0.011840807868955696,7644,
1777902180,7.646000,18.707509,0.011800000656080037,7646,
1777902180,7.648000,18.882656,0.012044090814949915,7648,
1777902181,7.650000,19.056984,0.011395331701810516,7650,
1777902181,7.652000,19.234633,0.011368159211615431,7652,
1777902181,7.654000,19.405774,0.011451903733556526,7654,
1777902181,7.656000,19.573296,0.012144356320272179,7656,
1777902181,7.658000,19.739058,0.01212974381544391,7658,
1777902181,7.660000,19.917214,0.011983598575907493,7660,
1777902182,7.662000,20.094044,0.011881961975701745,7662,
1777902182,7.664000,20.264474,0.011914298449649531,7664,
1777902182,7.666000,20.433092,0.012110687273388604,7666,
1777902182,7.668000,20.604195,0.011904271987282618,7668,
1777902182,7.670000,20.774018,0.011619773540606698,7670,
1777902182,7.672000,20.944426,0.011845311695518253,7672,
1777902183,7.674000,21.121340,0.011065200120451342,7674,
1777902183,7.676000,21.298747,0.011420083370034625,7676,
1777902183,7.678000,21.470829,0.01195546603249455,7678,
1777902183,7.680000,21.643793,0.011374713266227986,7680,
1777902183,7.682000,21.815702,0.011328664518797188,7682,
1777902184,7.684000,21.995755,0.011190236402360483,7684,
1777902184,7.686000,22.185304,0.010504809127880767,7686,
1777902184,7.688000,22.358687,0.011628419979365137,7688,
1777902184,7.690000,22.534742,0.011351492459606536,7690,
1777902184,7.692000,22.714336,0.010597385650393773,7692,
1777902184,7.694000,22.888105,0.011868893825029954,7694,
1777902185,7.696000,23.069032,0.010792748417095044,7696,
1777902185,7.698000,23.241698,0.011543883212011162,7698,
1777902185,7.700000,23.414130,0.011629059470626374,7700,
1777902185,7.702000,23.583705,0.011649627979032674,7702,
1777902185,7.704000,23.753813,0.011697248264455881,7704,
1777902185,7.706000,23.932040,0.011534086171596084,7706,
1777902186,7.708000,24.105772,0.01160824611729125,7708,
1777902186,7.710000,24.275506,0.011885574201657569,7710,
1777902186,7.712000,24.444841,0.01199257309542259,7712,
1777902186,7.714000,24.617346,0.011706577491578492,7714,
1777902186,7.716000,24.788180,0.011515007284451184,7716,
1777902186,7.718000,24.958378,0.011623665420137038,7718,
1777902187,7.720000,25.132057,0.01149688909701835,7720,
1777902187,7.722000,25.300163,0.011915565776621962,7722,
1777902187,7.724000,25.469719,0.011985621760481204,7724,
1777902187,7.726000,25.647916,0.011995733981115763,7726,
1777902187,7.728000,25.821645,0.011139722746336895,7728,
1777902188,7.730000,26.002614,0.011109052356841558,7730,
1777902188,7.732000,26.182893,0.011351507922393327,7732,
1777902188,7.734000,26.349879,0.011950992755224535,7734,
1777902188,7.736000,26.518376,0.011897936030532769,7736,
1777902188,7.738000,26.687165,0.012067543877348187,7738,
1777902188,7.740000,26.857676,0.011763570766971404,7740,
1777902189,7.742000,27.030549,0.011186280930290497,7742,
1777902189,7.744000,27.200123,0.011576406103567506,7744,
1777902189,7.746000,27.371707,0.01153602455327466,7746,
1777902189,7.748000,27.539579,0.01194873081596915,7748,
1777902189,7.750000,27.710245,0.012052115662129255,7750,
1777902189,7.752000,27.882916,0.011720412100941064,7752,
1777902190,7.754000,28.055467,0.011467247374189561,7754,
1777902190,7.756000,28.226529,0.011583221467406743,7756,
1777902190,7.758000,28.407403,0.010617021248810775,7758,
1777902190,7.760000,28.575415,0.011894881647890258,7760,
1777902190,7.762000,28.744444,0.011944559613224649,7762,
1777902190,7.764000,28.916406,0.012014720772302407,7764,
1777902191,7.766000,29.087307,0.011702415987185386,7766,
1777902191,7.768000,29.259072,0.011736898270645503,7768,
1777902191,7.770000,29.429799,0.011651012424627998,7770,
1777902191,7.772000,29.597519,0.011888445155315343,7772,
1777902191,7.774000,29.773645,0.011303589129184605,7774,
1777902191,7.776000,29.944310,0.01186902948500744,7776,
1777902192,7.778000,30.119608,0.011893774888615987,7778,
1777902192,7.780000,30.302473,0.010591282942014378,7780,
1777902192,7.781000,30.403488,0.009899488219227889,7781,
1777902192,7.783000,30.588997,0.011433070570502333,7783,
1777902192,7.785000,30.758996,0.011804599178081174,7785,
1777902192,7.787000,30.932858,0.011621429651308416,7787,
1777902193,7.789000,31.107480,0.011615826382238908,7789,
1777902193,7.791000,31.289365,0.010943432434722863,7791,
1777902193,7.793000,31.472016,0.010775158432542013,7793,
1777902193,7.795000,31.642683,0.01145850615386521,7795,
1777902193,7.796000,31.747115,0.009575600114589291,7796,
1777902193,7.797000,31.852319,0.009505337123225308,7797,
1777902194,7.799000,32.036029,0.010811357456419715,7799,
1777902194,7.800000,32.144645,0.009206762978736944,7800,
1777902194,7.801000,32.250469,0.009449602872407125,7801,
1777902194,7.803000,32.445936,0.009924524782987363,7803,
1777902194,7.805000,32.625380,0.010953501182594754,7805,
1777902194,7.807000,32.817849,0.010132646577674806,7807,
1777902195,7.809000,33.011653,0.009977054570358,7809,
1777902195,7.811000,33.183770,0.011780410833110301,7811,
1777902195,7.813000,33.364154,0.011375673894921536,7813,
1777902195,7.815000,33.533253,0.011825562732410741,7815,
1777902195,7.817000,33.705865,0.011594524318929236,7817,
1777902195,7.819000,33.882946,0.011239406564278746,7819,
1777902196,7.821000,34.054406,0.011740221167686858,7821,
1777902196,7.823000,34.224248,0.011597232028326193,7823,
1777902196,7.825000,34.405314,0.011422392762607463,7825,
1777902196,7.827000,34.578391,0.011945887756558098,7827,
1777902196,7.829000,34.747969,0.011792419455416635,7829,
1777902196,7.831000,34.924811,0.012122893162397307,7831,
1777902197,7.833000,35.102389,0.01122692734514177,7833,
1777902197,7.835000,35.276106,0.011749591346275578,7835,
1777902197,7.837000,35.447449,0.01172484953236786,7837,
1777902197,7.839000,35.619298,0.011655172898487534,7839,
1777902197,7.841000,35.791853,0.011521997977128903,7841,
1777902197,7.843000,35.965868,0.011417158575895339,7843,
1777902198,7.845000,36.136956,0.011759961637123546,7845,
1777902198,7.847000,36.309182,0.011600462979117682,7847,
1777902198,7.849000,36.485409,0.011224840194195123,7849,
1777902198,7.851000,36.655862,0.011696468410435439,7851,
1777902198,7.853000,36.831872,0.011174696250244628,7853,
1777902199,7.855000,37.018896,0.010105281675025621,7855,
1777902199,7.857000,37.209156,0.010415442309724321,7857,
1777902199,7.859000,37.389224,0.0111720683989778,7859,
1777902199,7.861000,37.560570,0.011820474882850228,7861,
1777902199,7.863000,37.733449,0.011459877193664017,7863,
1777902199,7.865000,37.907577,0.01183675257462093,7865,
1777902200,7.867000,38.081164,0.011423445108621312,7867,
1777902200,7.869000,38.254027,0.01167258011247745,7869,
1777902200,7.871000,38.427196,0.011387476693109109,7871,
1777902200,7.873000,38.597144,0.01185822092866424,7873,
1777902200,7.875000,38.768243,0.01167014938934893,7875,
1777902200,7.877000,38.942342,0.01176315757403602,7877,
1777902201,7.879000,39.118452,0.01177004906921687,7879,
1777902201,7.881000,39.290715,0.011398958757552707,7881,
1777902201,7.883000,39.462703,0.011568035398928676,7883,
1777902201,7.885000,39.633144,0.011677891202669696,7885,
1777902201,7.887000,39.813537,0.010808671628632374,7887,
1777902202,7.889000,39.990726,0.010855770129501738,7889,
1777902202,7.891000,40.173826,0.011316475466514911,7891,
1777902202,7.893000,40.345101,0.01192383194470175,7893,
1777902202,7.895000,40.518944,0.01129062362145014,7895,
1777902202,7.897000,40.696186,0.010638428136497714,7897,
1777902202,7.899000,40.874490,0.011690973388924535,7899,
1777902203,7.901000,41.058830,0.010641188766356665,7901,
1777902203,7.903000,41.239383,0.011266612394643653,7903,
1777902203,7.905000,41.417019,0.01121139341262696,7905,
1777902203,7.907000,41.587779,0.011942007176979125,7907,
1777902203,7.909000,41.762872,0.011029247501905771,7909,
1777902203,7.910000,41.867244,0.00958114473639406,7910,
1777902204,7.912000,42.044395,0.011473209424966185,7912,
1777902204,7.914000,42.219621,0.011628672035190407,7914,
1777902204,7.916000,42.394265,0.011165765548445767,7916,
1777902204,7.918000,42.562635,0.0118266964160119,7918,
1777902204,7.920000,42.746201,0.010384868631619507,7920,
1777902204,7.922000,42.930558,0.011192069693376126,7922,
1777902205,7.924000,43.111452,0.011649262377443207,7924,
1777902205,7.926000,43.289828,0.011334457605739551,7926,
1777902205,7.928000,43.464800,0.011756584572043333,7928,
1777902205,7.930000,43.636385,0.012025003782765565,7930,
1777902205,7.932000,43.812804,0.011353927852169408,7932,
1777902206,7.934000,43.986130,0.011709917794503496,7934,
1777902206,7.936000,44.158604,0.011571837521819712,7936,
1777902206,7.938000,44.334636,0.011357666877177236,7938,
1777902206,7.940000,44.509819,0.011426221544494936,7940,
1777902206,7.942000,44.684518,0.011524769137553351,7942,
1777902206,7.944000,44.868050,0.011176340456186477,7944,
1777902207,7.946000,45.045507,0.010962121987940481,7946,
1777902207,7.948000,45.217453,0.011702383120108111,7948,
1777902207,7.950000,45.392880,0.011226423570289417,7950,
1777902207,7.952000,45.564890,0.011909466427559516,7952,
1777902207,7.954000,45.733191,0.01192413123641603,7954,
1777902207,7.956000,45.916715,0.010536928583943433,7956,
1777902208,7.958000,46.088806,0.011951600797410806,7958,
1777902208,7.960000,46.262744,0.011658968638307081,7960,
1777902208,7.962000,46.439589,0.011522545888999905,7962,
1777902208,7.964000,46.610405,0.011617646163581383,7964,
1777902208,7.966000,46.788332,0.011223254997370336,7966,
1777902208,7.968000,46.963700,0.011489168454314257,7968,
1777902209,7.970000,47.148625,0.010686403399353471,7970,
1777902209,7.972000,47.331276,0.010799285579742043,7972,
1777902209,7.974000,47.513469,0.011192782481961237,7974,
1777902209,7.976000,47.691175,0.011681297160389969,7976,
1777902209,7.978000,47.875604,0.010786530738257994,7978,
1777902210,7.980000,48.053057,0.011107935969325035,7980,
1777902210,7.982000,48.227681,0.011249456932466585,7982,
1777902210,7.984000,48.402961,0.011256125020429867,7984,
1777902210,7.986000,48.572953,0.011600698886424553,7986,
1777902210,7.988000,48.744667,0.011626040186175222,7988,
1777902210,7.990000,48.931860,0.011107189532726757,7990,
1777902211,7.992000,49.104244,0.011505337671305849,7992,
1777902211,7.994000,49.278415,0.011541088201358567,7994,
1777902211,7.996000,49.453151,0.011369063024128016,7996,
1777902211,7.998000,49.631450,0.011202582562725416,7998,
1777902211,8.000000,49.808112,0.011316368919420753,8000,
1777902212,8.002000,49.987451,0.011261526312950383,8002,
1777902212,8.004000,50.169989,0.011169302931175806,8004,
1777902212,8.006000,50.355677,0.010035252336169111,8006,
1777902212,8.008000,50.550431,0.010027015889180377,8008,
1777902212,8.010000,50.735893,0.011671196121717551,8010,
1777902212,8.012000,50.914353,0.011841826543956291,8012,
1777902213,8.014000,51.093395,0.011787187515765364,8014,
1777902213,8.016000,51.278394,0.010760228199476382,8016,
1777902213,8.018000,51.459512,0.010763319322433549,8018,
1777902213,8.020000,51.641846,0.01160623772604091,8020,
1777902213,8.021000,51.744551,0.009736552168675328,8021,
1777902213,8.022000,51.849166,0.00955893177025681,8022,
1777902214,8.024000,52.033867,0.01060532636396534,8024,
1777902214,8.026000,52.209915,0.011143267237378013,8026,
1777902214,8.028000,52.393873,0.010699806735810814,8028,
1777902214,8.030000,52.566906,0.011583064355273896,8030,
1777902214,8.032000,52.741590,0.011356337077979492,8032,
1777902214,8.034000,52.925612,0.01122501205678545,8034,
1777902215,8.036000,53.108510,0.010959451061261732,8036,
1777902215,8.038000,53.291044,0.011062302389252663,8038,
1777902215,8.040000,53.484255,0.010695235551707363,8040,
1777902215,8.042000,53.667522,0.010434875851116736,8042,
1777902215,8.044000,53.852085,0.011315581147879708,8044,
1777902216,8.046000,54.031878,0.011025229595169335,8046,
1777902216,8.048000,54.222087,0.01044649292742134,8048,
1777902216,8.050000,54.400566,0.011330818835786691,8050,
1777902216,8.052000,54.572613,0.011399876701213575,8052,
1777902216,8.054000,54.747877,0.010948581007516233,8054,
1777902216,8.056000,54.935779,0.011144391980361799,8056,
1777902217,8.058000,55.119676,0.010848365153541034,8058,
1777902217,8.060000,55.298026,0.011592127336551208,8060,
1777902217,8.062000,55.471650,0.01173757730324396,8062,
1777902217,8.064000,55.645196,0.011115531510981217,8064,
1777902217,8.066000,55.826719,0.010323958807073994,8066,
1777902218,8.068000,56.003509,0.011069895552989381,8068,
1777902218,8.070000,56.179171,0.01117562963525304,8070,
1777902218,8.072000,56.348722,0.011754604666549841,8072,
1777902218,8.074000,56.517634,0.012035776200326155,8074,
1777902218,8.076000,56.695864,0.01073946465766222,8076,
1777902218,8.077000,56.803257,0.00931160600434703,8077,
1777902219,8.079000,56.981477,0.011404757512844095,8079,
1777902219,8.081000,57.162637,0.011081759716065813,8081,
1777902219,8.083000,57.338286,0.011034638248088749,8083,
1777902219,8.085000,57.517176,0.011290495762281774,8085,
1777902219,8.087000,57.696580,0.011347129385052763,8087,
1777902219,8.089000,57.882538,0.010908683876344527,8089,
1777902220,8.091000,58.053432,0.011551824644780526,8091,
1777902220,8.093000,58.228159,0.01171091928339058,8093,
1777902220,8.095000,58.407563,0.011276873381303499,8095,
1777902220,8.097000,58.580613,0.011712733315305094,8097,
1777902220,8.099000,58.752808,0.011781029677073495,8099,
1777902220,8.101000,58.933301,0.01120770873379644,8101,
1777902221,8.103000,59.111753,0.011032885501155585,8103,
1777902221,8.105000,59.296643,0.010390732588729973,8105,
1777902221,8.107000,59.478329,0.010836775373141873,8107,
1777902221,8.109000,59.655787,0.011133789279076121,8109,
1777902221,8.111000,59.832895,0.010804716950450757,8111,
1777902222,8.113000,60.012372,0.011292935656669641,8113,
1777902222,8.115000,60.196187,0.010652573000112044,8115,
1777902222,8.117000,60.382322,0.011218148954716439,8117,
1777902222,8.119000,60.565149,0.010707916645464992,8119,
1777902222,8.121000,60.749450,0.01061625795612893,8121,
1777902222,8.123000,60.924315,0.011602125704344747,8123,
1777902223,8.125000,61.098523,0.011858663327520058,8125,
1777902223,8.127000,61.273241,0.01160330580967311,8127,
1777902223,8.129000,61.444971,0.012014713698984323,8129,
1777902223,8.131000,61.620793,0.011138874880516073,8131,
1777902223,8.133000,61.798506,0.01121184304289779,8133,
1777902224,8.135000,61.977787,0.011317285136305495,8135,
1777902224,8.137000,62.149082,0.011607067836103513,8137,
1777902224,8.139000,62.322415,0.011907071167814224,8139,
1777902224,8.141000,62.500249,0.011012398661429728,8141,
1777902224,8.143000,62.674566,0.01100093225200183,8143,
1777902224,8.145000,62.864350,0.010661847056891478,8145,
1777902225,8.147000,63.039920,0.011407149193488316,8147,
1777902225,8.149000,63.221276,0.011193548235803331,8149,
1777902225,8.151000,63.403262,0.010908351283207175,8151,
1777902225,8.153000,63.578433,0.011747055309846969,8153,
1777902225,8.155000,63.753925,0.011988034646714836,8155,
1777902225,8.157000,63.937483,0.011419167646136255,8157,
1777902226,8.159000,64.112240,0.011716584628703309,8159,
1777902226,8.161000,64.286543,0.011297334107065151,8161,
1777902226,8.163000,64.464326,0.011238577685617444,8163,
1777902226,8.165000,64.639181,0.011327816007268832,8165,
1777902226,8.167000,64.811372,0.011649592829256228,8167,
1777902227,8.169000,64.983530,0.011895103081060085,8169,
1777902227,8.171000,65.158507,0.011492192468757153,8171,
1777902227,8.173000,65.339702,0.011463303140941622,8173,
1777902227,8.175000,65.522489,0.01049498086985382,8175,
1777902227,8.177000,65.702980,0.010627244972290256,8177,
1777902227,8.179000,65.879809,0.010922750225298107,8179,
1777902228,8.181000,66.053966,0.011585723760684688,8181,
1777902228,8.183000,66.240386,0.010604355136544964,8183,
1777902228,8.185000,66.424152,0.010160374397604102,8185,
1777902228,8.187000,66.605853,0.010771745474641615,8187,
1777902228,8.189000,66.774730,0.01179602502267196,8189,
1777902228,8.191000,66.964007,0.010363943988106172,8191,
1777902229,8.193000,67.151969,0.011324132769885253,8193,
1777902229,8.195000,67.337037,0.010606390352308544,8195,
1777902229,8.197000,67.526039,0.010450925016598682,8197,
1777902229,8.199000,67.702226,0.011436236844053337,8199,
1777902229,8.201000,67.877980,0.011300174838565137,8201,
1777902230,8.203000,68.063893,0.01111517259517739,8203,
1777902230,8.205000,68.235139,0.011512688392913318,8205,
1777902230,8.207000,68.404919,0.011761409781853959,8207,
1777902230,8.209000,68.576469,0.01192356422997503,8209,
1777902230,8.211000,68.748896,0.011938446230802114,8211,
1777902230,8.213000,68.923162,0.01179924059379584,8213,
1777902231,8.215000,69.101135,0.011176956299307981,8215,
1777902231,8.217000,69.273793,0.011557885810261077,8217,
1777902231,8.219000,69.450026,0.011069828154976575,8219,
1777902231,8.221000,69.635434,0.011573042412353473,8221,
1777902231,8.223000,69.811238,0.011372847077400071,8223,
1777902232,8.225000,69.980513,0.01192939283458395,8225,
1777902232,8.227000,70.151147,0.01201743176547309,8227,
1777902232,8.229000,70.320210,0.011724547926346625,8229,
1777902232,8.231000,70.491300,0.011962676497179506,8231,
1777902232,8.233000,70.665316,0.011049017962731021,8233,
1777902232,8.235000,70.849750,0.011013069462832141,8235,
1777902233,8.237000,71.022060,0.011696383590479106,8237,
1777902233,8.239000,71.208884,0.010867425633907532,8239,
1777902233,8.241000,71.399186,0.010546308593194465,8241,
1777902233,8.243000,71.583601,0.010777869679474994,8243,
1777902233,8.245000,71.757311,0.011745833230263647,8245,
1777902233,8.247000,71.940757,0.01099631955383797,8247,
1777902234,8.249000,72.114873,0.011742584510911022,8249,
1777902234,8.251000,72.287017,0.011860295116876923,8251,
1777902234,8.253000,72.469610,0.010667538844642605,8253,
1777902234,8.255000,72.644314,0.011546929434751246,8255,
1777902234,8.257000,72.823713,0.010691079390084611,8257,
1777902235,8.259000,73.000089,0.011275142383625534,8259,
1777902235,8.261000,73.173719,0.011641004460367269,8261,
1777902235,8.263000,73.348987,0.011453183731389307,8263,
1777902235,8.265000,73.530269,0.010876204076003218,8265,
1777902235,8.267000,73.702470,0.011729375760628026,8267,
1777902235,8.269000,73.885726,0.011011866420290103,8269,
1777902236,8.271000,74.058789,0.0115603675457016,8271,
1777902236,8.273000,74.232713,0.011843932875505319,8273,
1777902236,8.275000,74.406506,0.011332383324529394,8275,
1777902236,8.277000,74.579978,0.011899906317987511,8277,
1777902236,8.279000,74.755389,0.01160940078193958,8279,
1777902236,8.281000,74.945317,0.010328130382731077,8281,
1777902237,8.283000,75.125879,0.011268103207847567,8283,
1777902237,8.285000,75.301570,0.011708088184992383,8285,
1777902237,8.287000,75.489594,0.010863729269261463,8287,
1777902237,8.289000,75.668926,0.011316272747023738,8289,
1777902237,8.291000,75.843174,0.011462172361110192,8291,
1777902238,8.293000,76.012476,0.0117331455153976,8293,
1777902238,8.295000,76.183840,0.011756264745956348,8295,
1777902238,8.297000,76.360248,0.011578168108957138,8297,
1777902238,8.299000,76.536198,0.0113387080850624,8299,
1777902238,8.301000,76.710216,0.011574639543443435,8301,
1777902238,8.303000,76.888904,0.011195196866473352,8303,
1777902239,8.305000,77.063926,0.011544359907149176,8305,
1777902239,8.307000,77.234767,0.011621025167793658,8307,
1777902239,8.309000,77.414561,0.01103293309566483,8309,
1777902239,8.311000,77.589783,0.01162048932114217,8311,
1777902239,8.313000,77.770498,0.011202098538408433,8313,
1777902239,8.315000,77.944752,0.011852159200288358,8315,
1777902240,8.317000,78.124086,0.011824545734948433,8317,
1777902240,8.319000,78.304226,0.010612115525442238,8319,
1777902240,8.321000,78.481081,0.011371938783534383,8321,
1777902240,8.323000,78.650944,0.011813479709592536,8323,
1777902240,8.325000,78.829743,0.011042095925845347,8325,
1777902241,8.327000,79.005689,0.011655666980623713,8327,
1777902241,8.329000,79.174073,0.012012498428014424,8329,
1777902241,8.331000,79.344503,0.011761541474212073,8331,
1777902241,8.333000,79.516402,0.011893207936423287,8333,
1777902241,8.335000,79.690533,0.011328627429051724,8335,
1777902241,8.337000,79.865820,0.011139683160675672,8337,
1777902242,8.339000,80.039978,0.01122883597417215,8339,
1777902242,8.341000,80.230213,0.01084231976418822,8341,
1777902242,8.343000,80.411967,0.011115800126130984,8343,
1777902242,8.345000,80.588789,0.01143314534003003,8345,
1777902242,8.347000,80.765030,0.011065754795355907,8347,
1777902242,8.349000,80.941398,0.011988650919629631,8349,
1777902243,8.351000,81.114489,0.011908409422214574,8351,
1777902243,8.353000,81.294611,0.011758703686640518,8353,
1777902243,8.355000,81.471057,0.011425622573319163,8355,
1777902243,8.357000,81.646830,0.011715030569317919,8357,
1777902243,8.359000,81.820997,0.011221150576159515,8359,
1777902244,8.361000,81.994263,0.011395033955321007,8361,
1777902244,8.363000,82.165220,0.011595887495308014,8363,
1777902244,8.365000,82.336034,0.011587581250816128,8365,
1777902244,8.367000,82.511215,0.01160317373256822,8367,
1777902244,8.369000,82.681244,0.011634850682689407,8369,
1777902244,8.371000,82.857337,0.011213810803791269,8371,
1777902245,8.373000,83.027646,0.011657112652564793,8373,
1777902245,8.375000,83.198190,0.011853214673013842,8375,
1777902245,8.377000,83.378365,0.010751068459997924,8377,
1777902245,8.379000,83.559046,0.011354346443818693,8379,
1777902245,8.381000,83.734307,0.011729924310786597,8381,
1777902245,8.383000,83.912307,0.011479264911955415,8383,
1777902246,8.385000,84.094820,0.010378990929592246,8385,
1777902246,8.387000,84.267583,0.011743631865889415,8387,
1777902246,8.389000,84.450378,0.01116931914913199,8389,
1777902246,8.391000,84.621319,0.012065930706831995,8391,
1777902246,8.393000,84.792144,0.011852978218421989,8393,
1777902246,8.395000,84.963506,0.012044624369719863,8395,
1777902247,8.397000,85.134816,0.011889787990693483,8397,
1777902247,8.399000,85.304249,0.011873907837957064,8399,
1777902247,8.401000,85.483347,0.010907069888533672,8401,
1777902247,8.403000,85.656502,0.011921809666806522,8403,
1777902247,8.405000,85.838563,0.011164784073801724,8405,
1777902248,8.407000,86.018193,0.011052933382202037,8407,
1777902248,8.409000,86.191757,0.011395456882041181,8409,
1777902248,8.411000,86.373702,0.010979292023190812,8411,
1777902248,8.413000,86.552002,0.011278351647252318,8413,
1777902248,8.415000,86.722349,0.011620651771446926,8415,
1777902248,8.417000,86.900334,0.011621316068954102,8417,
1777902249,8.419000,87.079269,0.011738565753628893,8419,
1777902249,8.421000,87.254655,0.011388648683307077,8421,
1777902249,8.423000,87.431524,0.01152647280975952,8423,
1777902249,8.425000,87.614675,0.010371274515035315,8425,
1777902249,8.427000,87.797275,0.011568133355590421,8427,
1777902250,8.429000,87.975045,0.011511796056836868,8429,
1777902250,8.431000,88.148509,0.011521055085321133,8431,
1777902250,8.433000,88.323380,0.01110767155890361,8433,
1777902250,8.435000,88.505627,0.011112478563334322,8435,
1777902250,8.437000,88.684423,0.011198012791691575,8437,
1777902250,8.439000,88.861389,0.011032277033626789,8439,
1777902251,8.441000,89.043118,0.01163865215935056,8441,
1777902251,8.443000,89.222144,0.010867886010873429,8443,
1777902251,8.445000,89.402835,0.011210026139763154,8445,
1777902251,8.447000,89.580043,0.010984650927565894,8447,
1777902251,8.449000,89.758013,0.011467836514430908,8449,
1777902251,8.451000,89.943032,0.010583297152568134,8451,
1777902252,8.453000,90.121626,0.011331774632623583,8453,
1777902252,8.455000,90.295760,0.01119120131637177,8455,
1777902252,8.457000,90.472587,0.011357753692550536,8457,
1777902252,8.459000,90.647703,0.011473015662203764,8459,
1777902252,8.461000,90.826008,0.011115472204878072,8461,
1777902253,8.463000,91.010334,0.010596500427319775,8463,
1777902253,8.465000,91.188257,0.011739474299297193,8465,
1777902253,8.467000,91.362786,0.011211760077931598,8467,
1777902253,8.469000,91.532448,0.011906937755887534,8469,
1777902253,8.471000,91.705136,0.011546978900979101,8471,
1777902253,8.473000,91.885113,0.011145657696344135,8473,
1777902254,8.475000,92.062524,0.011450726818281236,8475,
1777902254,8.477000,92.235972,0.01166846738344817,8477,
